accidentDate,accidentTime,accidentDay,settlementType,settlement,district,streetType,streetName,houseNumber,locationComments,accidentType,mainAccidentCause,totalParticipantsAmount,injuryStatusParticipant1,injuryStatusParticipant2,injuryStatusParticipant3,injuryStatusParticipant4,injuryStatusParticipant5,injuryStatusParticipant6,injuryStatusParticipant7,injuryStatusParticipant8,injuryStatusParticipant9,injuryStatusParticipant10,injuryStatusParticipant11,injuryStatusParticipant12,injuryStatusParticipant13,injuryStatusParticipant14,injuryStatusParticipant15,injuryStatusParticipant16,injuryStatusParticipant17,injuryStatusParticipant18,injuryStatusParticipant19,injuryStatusParticipant20,latitude,longitude
2019-01-16,10:20:00,середа,місто,Львів,Франківський,вулиця,Кульпарківська,52,null,зіткнення бокове,перевищення безпечної швидкості,3,без ушкоджень,легко травмований,без ушкоджень,null,null,null,null,null,null,null,null,null,null,null,null,null,null,null,null,null,49.829059,23.990197
2019-01-22,14:04:00,вівторок,місто,Львів,Личаківський,вулиця,Мечникова І.,11,null,"наїзд на транспортний засіб, що стоїть - по ходу руху",порушення правил маневрування,2,легко травмований,без ушкоджень,null,null,null,null,null,null,null,null,null,null,null,null,null,null,null,null,null,null,49.837498,24.054598
2019-01-22,20:50:00,вівторок,місто,Львів,Шевченківський,проспект,"Чорновола В., просп.",45,null,наїзд на пішохода - пішохід рухався у попутному напрямку,порушення правил маневрування,2,без ушкоджень,легко травмований,null,null,null,null,null,null,null,null,null,null,null,null,null,null,null,null,null,null,49.852639,24.023564
2019-02-01,12:56:00,п'ятниця,місто,Львів,Шевченківський,вулиця,Шевченка Т.,418,null,зіткнення з задньою частиною тз,порушення правил проїзду перехресть,3,без ушкоджень,легко травмований,легко травмований,null,null,null,null,null,null,null,null,null,null,null,null,null,null,null,null,null,49.871503,23.941998
2019-01-10,10:37:00,четвер,місто,Львів,Личаківський,вулиця,Зелена,135,null,наїзд на пішохода - пішохід рухався у попутному напрямку,порушення правил маневрування,2,без ушкоджень,тяжко травмований,null,null,null,null,null,null,null,null,null,null,null,null,null,null,null,null,null,null,49.817333,24.060273
2019-02-12,23:19:00,вівторок,місто,Львів,Франківський,вулиця,"Чупринки Т., ген.",42,null,наїзд на пішохода - пішохід рухався у попутному напрямку,перехід у невстановленому місці,2,без ушкоджень,помер у лікарні протягом 30 діб,null,null,null,null,null,null,null,null,null,null,null,null,null,null,null,null,null,null,49.83208,24.011495
2019-01-18,15:50:00,п'ятниця,місто,Львів,Залізничний,вулиця,Городоцька,142,null,зіткнення лобове,"перевищення безпечної швидкості, недодержання дистанції",2,легко травмований,без ушкоджень,null,null,null,null,null,null,null,null,null,null,null,null,null,null,null,null,null,null,49.833599,23.983068
2019-01-08,9:01:00,вівторок,місто,Львів,Галицький,вулиця,Франка І.,null,Стрийський ринок,наїзд на пішохода - пішохід рухався у попутному напрямку,порушення правил маневрування,2,без ушкоджень,легко травмований,null,null,null,null,null,null,null,null,null,null,null,null,null,null,null,null,null,null,49.829872,24.031262
2019-01-27,13:01:00,неділя,місто,Львів,Личаківський,вулиця,Хмельницького Б.,267,null,зіткнення бокове,"керування транспортним засобом у нетверезому стані, перевищення безпечної швидкості",3,легко травмований,легко травмований,легко травмований,null,null,null,null,null,null,null,null,null,null,null,null,null,null,null,null,null,49.871188,24.05831
2019-01-09,23:50:00,середа,місто,Львів,Залізничний,вулиця,Виговського І.,100,null,зіткнення бокове,порушення правил маневрування,2,легко травмований,без ушкоджень,null,null,null,null,null,null,null,null,null,null,null,null,null,null,null,null,null,null,49.813059,23.978205
2019-01-01,17:47:00,вівторок,місто,Львів,Сихівський,проспект,"Червоної Калини, просп.",79,null,наїзд на пішохода - пішохід рухався у попутному напрямку,порушення правил маневрування,2,без ушкоджень,легко травмований,null,null,null,null,null,null,null,null,null,null,null,null,null,null,null,null,null,null,49.795405,24.056132
2019-01-22,16:45:00,вівторок,місто,Львів,Галицький,вулиця,Саксаганського П.,12,null,наїзд на пішохода - пішохід рухався у попутному напрямку,порушення правил маневрування,2,без ушкоджень,легко травмований,null,null,null,null,null,null,null,null,null,null,null,null,null,null,null,null,null,null,49.834491,24.032882
2019-01-24,19:49:00,четвер,місто,Львів,Шевченківський,вулиця,Шевченка Т.,358,null,зіткнення лобове,порушення правил маневрування,3,без ушкоджень,легко травмований,легко травмований,null,null,null,null,null,null,null,null,null,null,null,null,null,null,null,null,null,49.86818,23.951982
2019-02-02,13:01:00,субота,місто,Львів,Франківський,вулиця,Городоцька,209,null,зіткнення з задньою частиною тз,"перевищення безпечної швидкості, недодержання дистанції",3,без ушкоджень,без ушкоджень,легко травмований,null,null,null,null,null,null,null,null,null,null,null,null,null,null,null,null,null,49.833343,23.983541
2019-01-04,20:11:00,п'ятниця,місто,Львів,Сихівський,вулиця,Морозна,21,null,зіткнення лобове,порушення правил маневрування,2,без ушкоджень,легко травмований,null,null,null,null,null,null,null,null,null,null,null,null,null,null,null,null,null,null,49.795741,24.067789
2019-01-03,14:01:00,четвер,місто,Львів,Залізничний,вулиця,Городоцька,282А,null,зіткнення лобове,"перевищення безпечної швидкості, порушення правил обгону",3,легко травмований,легко травмований,без ушкоджень,null,null,null,null,null,null,null,null,null,null,null,null,null,null,null,null,null,49.824145,23.927842
2019-02-05,16:01:00,вівторок,місто,Львів,Франківський,вулиця,Володимира Великого,35,null,зіткнення лобове,"перевищення безпечної швидкості, недодержання дистанції",3,без ушкоджень,без ушкоджень,легко травмований,null,null,null,null,null,null,null,null,null,null,null,null,null,null,null,null,null,49.80994,24.006886
2019-01-15,9:55:00,вівторок,місто,Львів,Сихівський,вулиця,Антонича Б. - І.,24,null,зіткнення лобове,"перевищення безпечної швидкості, невиконання вимог сигналів регулювання",3,без ушкоджень,без ушкоджень,легко травмований,null,null,null,null,null,null,null,null,null,null,null,null,null,null,null,null,null,49.783294,24.068127
2019-01-01,12:05:00,вівторок,місто,Львів,Залізничний,вулиця,Городоцька,231,null,наїзд на інші види перешкод,перевищення безпечної швидкості,5,легко травмований,легко травмований,легко травмований,без ушкоджень,легко травмований,null,null,null,null,null,null,null,null,null,null,null,null,null,null,null,49.83199,23.975966
2019-01-16,15:43:00,середа,місто,Львів,Сихівський,вулиця,Стрийська,51,null,наїзд на пішохода - пішохід рухався у попутному напрямку,порушення правил маневрування,2,без ушкоджень,легко травмований,null,null,null,null,null,null,null,null,null,null,null,null,null,null,null,null,null,null,49.800498,24.017782
2019-01-18,14:55:00,п'ятниця,місто,Львів,Галицький,вулиця,Франка І.,69,null,наїзд на пішохода - пішохід рухався у попутному напрямку,порушення правил проїзду пішохідних переходів,2,без ушкоджень,легко травмований,null,null,null,null,null,null,null,null,null,null,null,null,null,null,null,null,null,null,49.8304,24.032347
2019-01-03,17:30:00,четвер,місто,Львів,Сихівський,вулиця,Хоткевича Г.,24,null,падіння пасажира,порушення правил маневрування,2,без ушкоджень,легко травмований,null,null,null,null,null,null,null,null,null,null,null,null,null,null,null,null,null,null,49.79519,24.046739
2019-01-19,21:20:00,субота,місто,Львів,Личаківський,вулиця,Личаківська,109,null,наїзд на пішохода - пішохід рухався у попутному напрямку,порушення правил проїзду пішохідних переходів,2,без ушкоджень,легко травмований,null,null,null,null,null,null,null,null,null,null,null,null,null,null,null,null,null,null,49.838432,24.055043
2019-01-28,11:54:00,понеділок,місто,Львів,Сихівський,вулиця,Морозна,null,null,наїзд на пішохода - на нерегульованому пішохідному переході,порушення правил проїзду пішохідних переходів,2,без ушкоджень,легко травмований,null,null,null,null,null,null,null,null,null,null,null,null,null,null,null,null,null,null,49.795338,24.068371
2019-01-05,13:49:00,субота,місто,Львів,Галицький,вулиця,Городоцька,85,null,зіткнення лобове,"порушення правил маневрування, недодержання дистанції, перевищення безпечної швидкості",3,без ушкоджень,без ушкоджень,легко травмований,null,null,null,null,null,null,null,null,null,null,null,null,null,null,null,null,null,49.839615,24.010625
2019-01-29,17:01:00,вівторок,місто,Львів,Галицький,вулиця,Городоцька,null,null,наїзд на пішохода - на нерегульованому пішохідному переході,порушення правил проїзду пішохідних переходів,2,без ушкоджень,легко травмований,null,null,null,null,null,null,null,null,null,null,null,null,null,null,null,null,null,null,49.842397,24.017358
2019-01-26,0:54:00,субота,місто,Львів,Залізничний,вулиця,Городоцька,null,Скнилівський міст,зіткнення лобове,порушення правил маневрування,3,без ушкоджень,тяжко травмований,тяжко травмований,null,null,null,null,null,null,null,null,null,null,null,null,null,null,null,null,null,49.825105,23.937796
2019-01-02,0:42:00,середа,місто,Львів,Франківський,вулиця,"Чупринки Т., ген.",null,"Перехрестя вул. Чупринки Т., ген. - вул.  Горбачевського І.",зіткнення лобове,порушення правил маневрування,2,легко травмований,без ушкоджень,null,null,null,null,null,null,null,null,null,null,null,null,null,null,null,null,null,null,49.830156,24.007734
2019-01-10,17:03:00,четвер,місто,Львів,Франківський,вулиця,Городоцька,160,null,наїзд на пішохода - пішохід рухався у попутному напрямку,порушення правил проїзду пішохідних переходів,2,без ушкоджень,легко травмований,null,null,null,null,null,null,null,null,null,null,null,null,null,null,null,null,null,null,49.831893,23.975478
2019-01-14,11:01:00,понеділок,місто,Львів,Личаківський,вулиця,Зелена,33,null,падіння пасажира,порушення правил маневрування,5,без ушкоджень,без ушкоджень,легко травмований,легко травмований,легко травмований,null,null,null,null,null,null,null,null,null,null,null,null,null,null,null,49.830083,24.038778
2019-01-10,23:10:00,четвер,місто,Львів,Залізничний,вулиця,Городоцька,239,null,наїзд на інші види перешкод,перевищення безпечної швидкості,1,легко травмований,null,null,null,null,null,null,null,null,null,null,null,null,null,null,null,null,null,null,null,49.831633,23.973933
2019-01-02,14:07:00,середа,місто,Львів,Галицький,вулиця,Дорошенка П.,13,null,наїзд на пішохода - пішохід рухався у попутному напрямку,порушення правил проїзду пішохідних переходів,2,без ушкоджень,легко травмований,null,null,null,null,null,null,null,null,null,null,null,null,null,null,null,null,null,null,49.839817,24.026823
2019-01-29,15:30:00,вівторок,місто,Винники,Личаківський,вулиця,Галицька,null,null,наїзд на пішохода - стояв на проїздній частині,порушення правил маневрування,2,без ушкоджень,легко травмований,null,null,null,null,null,null,null,null,null,null,null,null,null,null,null,null,null,null,49.817469,24.145959
2019-01-12,22:20:00,субота,місто,Львів,Залізничний,вулиця,Кульпарківська,230,null,наїзд на пішохода - пішохід рухався у попутному напрямку,порушення правил проїзду пішохідних переходів,2,без ушкоджень,легко травмований,null,null,null,null,null,null,null,null,null,null,null,null,null,null,null,null,null,null,49.802465,23.980601
2019-01-17,15:20:00,четвер,місто,Львів,Личаківський,вулиця,Левицького К.,26,null,наїзд на пішохода - пішохід рухався у попутному напрямку,порушення правил маневрування,2,без ушкоджень,легко травмований,null,null,null,null,null,null,null,null,null,null,null,null,null,null,null,null,null,null,49.835024,24.038837
2019-01-02,23:50:00,середа,місто,Львів,Шевченківський,вулиця,Промислова,null,Перехрестя вул. Промислова - вул. Липинського В.,зіткнення бокове,порушення правил маневрування,2,без ушкоджень,легко травмований,null,null,null,null,null,null,null,null,null,null,null,null,null,null,null,null,null,null,49.865202,24.044433
2019-02-11,21:20:00,понеділок,місто,Львів,Личаківський,вулиця,Личаківська,71А,null,наїзд на пішохода - пішохід рухався у попутному напрямку,порушення правил проїзду пішохідних переходів,2,без ушкоджень,легко травмований,null,null,null,null,null,null,null,null,null,null,null,null,null,null,null,null,null,null,49.83983,24.049882
2019-01-16,12:01:00,середа,місто,Львів,Залізничний,вулиця,Городоцька,300,null,зіткнення бокове,порушення правил маневрування,3,без ушкоджень,без ушкоджень,легко травмований,null,null,null,null,null,null,null,null,null,null,null,null,null,null,null,null,null,49.821577,23.918336
2019-01-02,10:20:00,середа,місто,Львів,Личаківський,вулиця,Богданівська,44,null,наїзд на пішохода - пішохід рухався у попутному напрямку,порушення правил проїзду пішохідних переходів,2,без ушкоджень,тяжко травмований,null,null,null,null,null,null,null,null,null,null,null,null,null,null,null,null,null,null,49.855534,24.075449
2019-01-27,13:45:00,неділя,місто,Львів,Франківський,вулиця,Городоцька,160,null,наїзд на пішохода - на регульованому пішохідному переході,порушення правил проїзду пішохідних переходів,2,без ушкоджень,легко травмований,null,null,null,null,null,null,null,null,null,null,null,null,null,null,null,null,null,null,49.831934,23.975419
2019-02-11,2:05:00,понеділок,місто,Львів,Залізничний,вулиця,Ярослава Мудрого,16,null,наїзд на інші види перешкод,порушення правил маневрування,3,легко травмований,легко травмований,без ушкоджень,null,null,null,null,null,null,null,null,null,null,null,null,null,null,null,null,null,49.841567,24.010609
2019-02-12,17:30:00,вівторок,місто,Львів,Залізничний,вулиця,Кульпарківська,226А,null,зіткнення лобове,порушення правил проїзду перехресть,3,без ушкоджень,без ушкоджень,легко травмований,null,null,null,null,null,null,null,null,null,null,null,null,null,null,null,null,null,49.806897,23.979512
2019-01-06,11:05:00,неділя,місто,Львів,Сихівський,проспект,"Червоної Калини, просп.",85А,null,наїзд на пішохода - пішохід рухався у попутному напрямку,перехід у невстановленому місці,2,без ушкоджень,тяжко травмований,null,null,null,null,null,null,null,null,null,null,null,null,null,null,null,null,null,null,49.793428,24.059334
2019-01-23,3:20:00,середа,місто,Львів,Франківський,вулиця,Городоцька,106,null,наїзд на пішохода - пішохід рухався у попутному напрямку,порушення правил маневрування,2,без ушкоджень,тяжко травмований,null,null,null,null,null,null,null,null,null,null,null,null,null,null,null,null,null,null,49.837052,24.003732
2019-01-08,13:01:00,вівторок,місто,Львів,Галицький,вулиця,Шевченка Т.,null,Пам'ятник Грушевському М.,наїзд на пішохода - пішохід рухався у попутному напрямку,порушення правил маневрування,2,без ушкоджень,легко травмований,null,null,null,null,null,null,null,null,null,null,null,null,null,null,null,null,null,null,49.837249,24.031413
2019-02-05,18:26:00,вівторок,місто,Львів,Шевченківський,проспект,"Чорновола В., просп.",null,null,наїзд на пішохода - на нерегульованому пішохідному переході,порушення правил проїзду пішохідних переходів,2,без ушкоджень,легко травмований,null,null,null,null,null,null,null,null,null,null,null,null,null,null,null,null,null,null,49.857402,24.022894
2019-01-12,1:01:00,субота,місто,Львів,Личаківський,площа,"Петрушевича Є., пл.",3,null,наїзд на пішохода - пішохід переходив дорогу поза межами пішохідного переходу,перевищення безпечної швидкості,3,без ушкоджень,без ушкоджень,легко травмований,null,null,null,null,null,null,null,null,null,null,null,null,null,null,null,null,null,49.832536,24.035479
2019-01-02,7:36:00,середа,місто,Львів,Франківський,вулиця,Антоновича В.,102,null,наїзд на пішохода - пішохід рухався у попутному напрямку,порушення правил маневрування,2,без ушкоджень,помер у лікарні протягом 30 діб,null,null,null,null,null,null,null,null,null,null,null,null,null,null,null,null,null,null,49.82874,23.996125
2019-01-02,17:47:00,середа,місто,Львів,Личаківський,вулиця,Зелена,109,null,падіння пасажира,порушення правил маневрування,2,без ушкоджень,легко травмований,null,null,null,null,null,null,null,null,null,null,null,null,null,null,null,null,null,null,49.821293,24.055365
2019-01-17,22:10:00,четвер,місто,Львів,Сихівський,вулиця,Зелена,202,null,наїзд на пішохода - пішохід рухався у попутному напрямку,порушення правил маневрування,2,без ушкоджень,легко травмований,null,null,null,null,null,null,null,null,null,null,null,null,null,null,null,null,null,null,49.811775,24.060909
2019-01-08,19:59:00,вівторок,місто,Львів,Франківський,вулиця,Наукова,44,null,зіткнення лобове,недодержання дистанції,4,без ушкоджень,легко травмований,без ушкоджень,легко травмований,null,null,null,null,null,null,null,null,null,null,null,null,null,null,null,null,49.805083,23.99582
2019-02-05,18:10:00,вівторок,місто,Львів,Шевченківський,вулиця,Промислова,50,null,наїзд на пішохода - пішохід рухався у попутному напрямку,порушення правил маневрування,2,без ушкоджень,легко травмований,null,null,null,null,null,null,null,null,null,null,null,null,null,null,null,null,null,null,49.861406,24.043804
2019-02-23,9:55:00,субота,місто,Львів,Сихівський,вулиця,Луганська,null,"Перехрестя вул. Луганська - вул. Буйка П., проф.",зіткнення лобове,перевищення безпечної швидкості,3,легко травмований,без ушкоджень,без ушкоджень,null,null,null,null,null,null,null,null,null,null,null,null,null,null,null,null,null,49.809812,24.031177
2019-02-21,10:45:00,четвер,місто,Львів,Франківський,вулиця,Володимира Великого,22,null,падіння пасажира,порушення правил маневрування,2,без ушкоджень,легко травмований,null,null,null,null,null,null,null,null,null,null,null,null,null,null,null,null,null,null,49.812185,23.997576
2019-03-15,13:54:00,п'ятниця,місто,Львів,Залізничний,вулиця,Городоцька,116,null,наїзд на пішохода - на регульованому пішохідному переході,порушення правил проїзду пішохідних переходів,2,без ушкоджень,легко травмований,null,null,null,null,null,null,null,null,null,null,null,null,null,null,null,null,null,null,49.830689,23.968735
2019-03-16,17:55:00,субота,місто,Львів,Франківський,вулиця,Стрийська,null,Перехрестя вул. Стрийська -вул. Наукова,наїзд на велосипедиста - велосипедист рухався у попутному напрямку,порушення правил маневрування,2,без ушкоджень,легко травмований,null,null,null,null,null,null,null,null,null,null,null,null,null,null,null,null,null,null,49.80189,24.017937
2019-03-26,16:50:00,вівторок,місто,Львів,Франківський,вулиця,Наукова,25,null,наїзд на пішохода - пішохід рухався у попутному напрямку,порушення правил маневрування,3,без ушкоджень,легко травмований,легко травмований,null,null,null,null,null,null,null,null,null,null,null,null,null,null,null,null,null,49.802452,23.992032
2019-03-02,18:01:00,субота,місто,Львів,Шевченківський,вулиця,Миколайчука І.,9,null,падіння пасажира,порушення правил маневрування,2,без ушкоджень,помер у лікарні протягом 30 діб,null,null,null,null,null,null,null,null,null,null,null,null,null,null,null,null,null,null,49.874428,24.041455
2019-03-05,19:02:00,вівторок,місто,Львів,Шевченківський,вулиця,Шевченка Т.,358,null,наїзд на пішохода - пішохід рухався у попутному напрямку,порушення правил маневрування,2,без ушкоджень,легко травмований,null,null,null,null,null,null,null,null,null,null,null,null,null,null,null,null,null,null,49.868142,23.952089
2019-02-16,10:56:00,субота,місто,Львів,Личаківський,вулиця,Хмельницького Б.,179,null,наїзд на пішохода - пішохід рухався у попутному напрямку,порушення правил маневрування,2,без ушкоджень,легко травмований,null,null,null,null,null,null,null,null,null,null,null,null,null,null,null,null,null,null,49.856157,24.045698
2019-03-31,21:10:00,неділя,місто,Львів,Личаківський,вулиця,Пасічна,null,Перехрестя вул. Пасічна - вул. Личаківська,наїзд на пішохода - пішохід рухався у попутному напрямку,перехід у невстановленому місці,2,без ушкоджень,легко травмований,null,null,null,null,null,null,null,null,null,null,null,null,null,null,null,null,null,null,49.836017,24.068406
2019-03-12,17:01:00,вівторок,місто,Львів,Сихівський,вулиця,Угорська,12,null,наїзд на пішохода - пішохід рухався у попутному напрямку,порушення правил маневрування,3,без ушкоджень,легко травмований,легко травмований,null,null,null,null,null,null,null,null,null,null,null,null,null,null,null,null,null,49.810563,24.045119
2019-02-27,10:52:00,середа,місто,Львів,Личаківський,вулиця,Мечникова І.,33,null,наїзд на пішохода - пішохід рухався у попутному напрямку,порушення правил маневрування,2,без ушкоджень,тяжко травмований,null,null,null,null,null,null,null,null,null,null,null,null,null,null,null,null,null,null,49.831938,24.049544
2019-03-09,17:14:00,субота,місто,Львів,Галицький,проспект,"Чорновола В., просп.",null,"Перехрестя Чорновола В.,просп. - вул. Під Дубом",наїзд на велосипедиста - велосипедист рухався у попутному напрямку,порушення правил маневрування,2,без ушкоджень,легко травмований,null,null,null,null,null,null,null,null,null,null,null,null,null,null,null,null,null,null,49.850553,24.024431
2019-03-25,1:35:00,понеділок,місто,Львів,Франківський,вулиця,Городоцька,153,null,зіткнення бокове,"недодержання дистанції, керування транспортним засобом у нетверезому стані",2,легко травмований,без ушкоджень,null,null,null,null,null,null,null,null,null,null,null,null,null,null,null,null,null,null,49.836332,24.000202
2019-03-09,21:40:00,субота,місто,Львів,Франківський,вулиця,Володимира Великого,null,Перехрестя вул. Володимира Великого - вул. Янева В.,зіткнення лобове,перевищення безпечної швидкості,5,легко травмований,без ушкоджень,без ушкоджень,легко травмований,легко травмований,null,null,null,null,null,null,null,null,null,null,null,null,null,null,null,49.808953,24.011714
2019-02-07,11:30:00,четвер,місто,Львів,Сихівський,проспект,"Червоної Калини, просп.",null,null,падіння пасажира,порушення правил маневрування,2,без ушкоджень,легко травмований,null,null,null,null,null,null,null,null,null,null,null,null,null,null,null,null,null,null,49.795616,24.054608
2019-02-01,9:15:00,п'ятниця,місто,Львів,Сихівський,вулиця,Стрийська,null,null,падіння пасажира,порушення правил маневрування,2,без ушкоджень,легко травмований,null,null,null,null,null,null,null,null,null,null,null,null,null,null,null,null,null,null,49.775472,24.014204
2019-02-13,12:01:00,середа,місто,Львів,Франківський,вулиця,Стрийська,null,вул. Стрийська - вул. Наукова,падіння пасажира,порушення правил маневрування,1,легко травмований,null,null,null,null,null,null,null,null,null,null,null,null,null,null,null,null,null,null,null,49.802098,24.01783
2019-03-31,20:25:00,неділя,місто,Львів,Галицький,вулиця,Під Дубом,13,null,наїзд на пішохода - пішохід рухався у попутному напрямку,порушення правил маневрування,2,без ушкоджень,легко травмований,null,null,null,null,null,null,null,null,null,null,null,null,null,null,null,null,null,null,49.850523,24.021515
2019-03-30,19:30:00,субота,місто,Львів,Залізничний,вулиця,Широка,77,null,наїзд на пішохода - пішохід рухався у попутному напрямку,порушення правил маневрування,3,без ушкоджень,легко травмований,легко травмований,null,null,null,null,null,null,null,null,null,null,null,null,null,null,null,null,null,49.841785,23.964738
2019-03-22,14:03:00,п'ятниця,місто,Львів,Личаківський,вулиця,Хмельницького Б.,144,null,падіння пасажира,порушення правил маневрування,2,без ушкоджень,легко травмований,null,null,null,null,null,null,null,null,null,null,null,null,null,null,null,null,null,null,49.857177,24.046578
2019-02-18,15:22:00,понеділок,місто,Львів,Залізничний,вулиця,Виговського І.,100,null,наїзд на пішохода - пішохід рухався у попутному напрямку,порушення правил проїзду пішохідних переходів,2,без ушкоджень,легко травмований,null,null,null,null,null,null,null,null,null,null,null,null,null,null,null,null,null,null,49.813055,23.977919
2019-03-16,18:33:00,субота,місто,Львів,Франківський,вулиця,Кульпарківська,147,null,наїзд на пішохода - пішохід рухався у попутному напрямку,порушення правил проїзду пішохідних переходів,2,без ушкоджень,легко травмований,null,null,null,null,null,null,null,null,null,null,null,null,null,null,null,null,null,null,49.816544,23.986545
2019-03-05,19:35:00,вівторок,місто,Львів,Шевченківський,вулиця,Винниця,22,null,наїзд на пішохода - пішохід рухався у попутному напрямку,порушення правил маневрування,2,без ушкоджень,помер у лікарні протягом 30 діб,null,null,null,null,null,null,null,null,null,null,null,null,null,null,null,null,null,null,49.862153,23.997805
2019-03-11,12:49:00,понеділок,місто,Львів,Личаківський,вулиця,Зелена,null,вул. Зелена - вул. Франка І.,падіння пасажира,порушення правил маневрування,2,без ушкоджень,легко травмований,null,null,null,null,null,null,null,null,null,null,null,null,null,null,null,null,null,null,49.834578,24.034953
2019-02-14,11:20:00,четвер,місто,Львів,Личаківський,вулиця,Богданівська,135,null,зіткнення бокове,порушення правил обгону,2,без ушкоджень,легко травмований,null,null,null,null,null,null,null,null,null,null,null,null,null,null,null,null,null,null,49.850824,24.079721
2019-03-23,22:15:00,субота,місто,Львів,Галицький,вулиця,"Тарнавського М., ген.",109,null,зіткнення лобове,перевищення безпечної швидкості,2,без ушкоджень,легко травмований,null,null,null,null,null,null,null,null,null,null,null,null,null,null,null,null,null,null,49.826875,24.042517
2019-02-21,8:19:00,четвер,місто,Львів,Галицький,вулиця,Устияновича М.,14,null,наїзд на велосипедиста - велосипедист рухався у попутному напрямку,порушення правил маневрування,2,без ушкоджень,легко травмований,null,null,null,null,null,null,null,null,null,null,null,null,null,null,null,null,null,null,49.836225,24.016151
2019-03-31,21:05:00,неділя,місто,Львів,Галицький,вулиця,Торгова,2,null,наїзд на пішохода - пішохід рухався у попутному напрямку,невиконання вимог сигналів регулювання,2,без ушкоджень,легко травмований,null,null,null,null,null,null,null,null,null,null,null,null,null,null,null,null,null,null,49.844682,24.027062
2019-02-22,8:45:00,п'ятниця,місто,Львів,Сихівський,вулиця,Кавалерідзе І.,9,null,наїзд на пішохода - пішохід рухався у попутному напрямку,порушення правил маневрування,3,без ушкоджень,без ушкоджень,легко травмований,null,null,null,null,null,null,null,null,null,null,null,null,null,null,null,null,null,49.792488,24.065789
2019-03-28,14:28:00,четвер,місто,Львів,Шевченківський,вулиця,Шевченка Т.,384,null,наїзд на пішохода - пішохід рухався у попутному напрямку,невиконання вимог сигналів регулювання,2,без ушкоджень,легко травмований,null,null,null,null,null,null,null,null,null,null,null,null,null,null,null,null,null,null,49.870632,23.94607
2019-03-29,14:53:00,п'ятниця,місто,Львів,Личаківський,вулиця,Кукурудзяна,4,null,зіткнення бокове,"перевищення безпечної швидкості, недодержання дистанції",2,без ушкоджень,легко травмований,null,null,null,null,null,null,null,null,null,null,null,null,null,null,null,null,null,null,49.862596,24.058653
2019-03-16,20:40:00,субота,місто,Львів,Шевченківський,вулиця,Бетховена Л.,null,Перехрестя вул. Бетховена Л. - вул. Липинського В.,наїзд на пішохода - пішохід рухався у попутному напрямку,порушення правил проїзду пішохідних переходів,2,легко травмований,тяжко травмований,null,null,null,null,null,null,null,null,null,null,null,null,null,null,null,null,null,null,49.863571,24.033269
2019-03-11,14:20:00,понеділок,місто,Львів,Галицький,проспект,"Свободи, просп.",49,null,наїзд на пішохода - пішохід рухався у попутному напрямку,порушення правил маневрування,2,без ушкоджень,помер у лікарні протягом 30 діб,null,null,null,null,null,null,null,null,null,null,null,null,null,null,null,null,null,null,49.844099,24.025732