accidentDate,accidentTime,accidentDay,settlementType,settlement,district,streetType,streetName,houseNumber,locationComments,accidentType,mainAccidentCause,totalParticipantsAmount,injuryStatusParticipant1,injuryStatusParticipant2,injuryStatusParticipant3,injuryStatusParticipant4,injuryStatusParticipant5,injuryStatusParticipant6,injuryStatusParticipant7,injuryStatusParticipant8,injuryStatusParticipant9,injuryStatusParticipant10,injuryStatusParticipant11,injuryStatusParticipant12,injuryStatusParticipant13,injuryStatusParticipant14,injuryStatusParticipant15,injuryStatusParticipant16,injuryStatusParticipant17,injuryStatusParticipant18,injuryStatusParticipant19,injuryStatusParticipant20,latitude,longitude
2019-03-19,10:35:00,вівторок,місто,Львів,Шевченківський,вулиця,"Мазепи І., гетьм.",1Б,null,падіння пасажира,порушення правил маневрування,2,без ушкоджень,легко травмований,null,null,null,null,null,null,null,null,null,null,null,null,null,null,null,null,null,null,49.871164,24.035811
2019-03-19,21:30:00,вівторок,місто,Львів,Франківський,вулиця,Княгині Ольги,100Г,null,зіткнення лобове,порушення правил проїзду перехресть,2,без ушкоджень,легко травмований,null,null,null,null,null,null,null,null,null,null,null,null,null,null,null,null,null,null,49.811494,23.999838
2019-03-08,19:15:00,п'ятниця,місто,Львів,Франківський,вулиця,Кульпарківська,20,null,зіткнення лобове,порушення правил маневрування,4,без ушкоджень,легко травмований,легко травмований,без ушкоджень,null,null,null,null,null,null,null,null,null,null,null,null,null,null,null,null,49.832599,23.99075
2019-02-25,12:01:00,понеділок,місто,Львів,Шевченківський,вулиця,Шевченка Т.,180-200,null,наїзд на інші види перешкод,"перевищення безпечної швидкості, недодержання дистанції",1,легко травмований,null,null,null,null,null,null,null,null,null,null,null,null,null,null,null,null,null,null,null,49.858294,23.974582
2019-03-24,17:55:00,неділя,місто,Львів,Франківський,вулиця,Княгині Ольги,1,null,падіння пасажира,порушення правил маневрування,2,без ушкоджень,тяжко травмований,null,null,null,null,null,null,null,null,null,null,null,null,null,null,null,null,null,null,49.825318,24.008834
2019-03-11,19:15:00,понеділок,місто,Львів,Франківський,вулиця,Княгині Ольги,null,"Перехрестя вул. Княгині Ольги - вул. Сахарова А.,акад.",наїзд на пішохода - пішохід рухався у попутному напрямку,порушення правил маневрування,2,без ушкоджень,легко травмований,null,null,null,null,null,null,null,null,null,null,null,null,null,null,null,null,null,null,49.826716,24.010363
2019-03-28,20:16:00,четвер,місто,Львів,Залізничний,вулиця,Кульпарківська,11,null,наїзд на пішохода - пішохід рухався у попутному напрямку,порушення правил маневрування,3,без ушкоджень,без ушкоджень,тяжко травмований,null,null,null,null,null,null,null,null,null,null,null,null,null,null,null,null,null,49.815939,23.982291
2019-03-26,20:27:00,вівторок,місто,Львів,Галицький,вулиця,Городоцька,105,null,наїзд на пішохода - пішохід рухався у попутному напрямку,порушення правил проїзду пішохідних переходів,2,без ушкоджень,легко травмований,null,null,null,null,null,null,null,null,null,null,null,null,null,null,null,null,null,null,49.838344,24.008051
2019-03-14,19:01:00,четвер,місто,Львів,Сихівський,вулиця,Мирного Панаса,1,null,наїзд на пішохода - пішохід рухався у попутному напрямку,порушення правил маневрування,2,без ушкоджень,легко травмований,null,null,null,null,null,null,null,null,null,null,null,null,null,null,null,null,null,null,49.816856,24.026252
2019-03-27,19:20:00,середа,місто,Львів,Галицький,вулиця,Драгоманова М.,1,null,наїзд на пішохода - пішохід рухався у попутному напрямку,порушення правил маневрування,2,без ушкоджень,легко травмований,null,null,null,null,null,null,null,null,null,null,null,null,null,null,null,null,null,null,49.834934,24.031654
2019-03-29,12:29:00,п'ятниця,місто,Львів,Залізничний,вулиця,Кульпарківська,226,null,зіткнення лобове,виїзд на смугу зустрічного руху,3,без ушкоджень,легко травмований,без ушкоджень,null,null,null,null,null,null,null,null,null,null,null,null,null,null,null,null,null,49.805477,23.981009
2019-03-17,15:30:00,неділя,місто,Львів,Галицький,вулиця,Стуса В.,18А,null,зіткнення бокове,"перевищення безпечної швидкості, недодержання дистанції",3,без ушкоджень,без ушкоджень,легко травмований,null,null,null,null,null,null,null,null,null,null,null,null,null,null,null,null,null,49.821072,24.039695
2019-03-03,22:10:00,неділя,місто,Львів,Шевченківський,вулиця,Шевченка Т.,300,null,падіння пасажира,порушення правил маневрування,2,без ушкоджень,легко травмований,null,null,null,null,null,null,null,null,null,null,null,null,null,null,null,null,null,null,49.863391,23.962308
2019-03-26,16:32:00,вівторок,місто,Львів,Шевченківський,вулиця,Шевченка Т.,388,null,наїзд на пішохода - пішохід рухався у попутному напрямку,порушення правил маневрування,2,без ушкоджень,помер на місці дтп,null,null,null,null,null,null,null,null,null,null,null,null,null,null,null,null,null,null,49.871303,23.944407
2019-03-27,16:01:00,середа,місто,Львів,Сихівський,вулиця,Демнянська,26,null,зіткнення лобове,порушення правил маневрування,2,без ушкоджень,легко травмований,null,null,null,null,null,null,null,null,null,null,null,null,null,null,null,null,null,null,49.798279,24.026826
2019-03-10,0:09:00,неділя,місто,Львів,Шевченківський,проспект,"Чорновола В., просп.",46,null,наїзд на пішохода - пішохід рухався у попутному напрямку,"порушення правил маневрування, перевищення безпечної швидкості, порушення правил проїзду пішохідних переходів",3,легко травмований,без ушкоджень,легко травмований,null,null,null,null,null,null,null,null,null,null,null,null,null,null,null,null,null,49.855053,24.022406
2019-03-28,21:40:00,четвер,місто,Львів,Галицький,проспект,"Чорновола В., просп.",7,null,наїзд на пішохода - пішохід рухався у попутному напрямку,"неочікуваний вихід на проїзну частину, перехід у невстановленому місці",2,без ушкоджень,легко травмований,null,null,null,null,null,null,null,null,null,null,null,null,null,null,null,null,null,null,49.845806,24.025033
2019-02-24,18:38:00,неділя,місто,Львів,Шевченківський,вулиця,Липинського В.,null,Перехрестя вул. Липинського В. - вул. Миколайчука І.,наїзд на пішохода - пішохід рухався у попутному напрямку,перехід у невстановленому місці,2,без ушкоджень,легко травмований,null,null,null,null,null,null,null,null,null,null,null,null,null,null,null,null,null,null,49.865252,24.044352
2019-03-12,10:36:00,вівторок,місто,Львів,Сихівський,вулиця,Хуторівка,null,null,наїзд на пішохода - пішохід рухався у попутному напрямку,порушення правил маневрування,2,без ушкоджень,легко травмований,null,null,null,null,null,null,null,null,null,null,null,null,null,null,null,null,null,null,49.80027,24.032593
2019-03-07,18:12:00,четвер,місто,Львів,Галицький,вулиця,Куліша П.,11,null,наїзд на пішохода - на нерегульованому пішохідному переході,перехід у невстановленому місці,2,без ушкоджень,легко травмований,null,null,null,null,null,null,null,null,null,null,null,null,null,null,null,null,null,null,49.845881,24.024128
2019-03-12,9:05:00,вівторок,місто,Львів,Галицький,вулиця,Дорошенка П.,null,"Перехрестя вул. Дорошенка П. - вул. Свободи, просп.",наїзд на пішохода - пішохід рухався у попутному напрямку,порушення правил маневрування,2,без ушкоджень,легко травмований,null,null,null,null,null,null,null,null,null,null,null,null,null,null,null,null,null,null,49.840515,24.027851
2019-02-26,9:34:00,вівторок,місто,Львів,Галицький,площа,"Князя Ярослава Осмомисла, пл.",null,"Перехрестя Князя Ярослава Осмомисла, пл. - вул. Хмельницького Б.",наїзд на пішохода - пішохід рухався у попутному напрямку,порушення правил маневрування,2,без ушкоджень,легко травмований,null,null,null,null,null,null,null,null,null,null,null,null,null,null,null,null,null,null,49.84477,24.029245
2019-03-31,11:30:00,неділя,місто,Львів,Личаківський,вулиця,Богданівська,44,null,зіткнення лобове,порушення правил маневрування,3,без ушкоджень,без ушкоджень,легко травмований,null,null,null,null,null,null,null,null,null,null,null,null,null,null,null,null,null,49.855738,24.075277
2019-03-24,10:30:00,неділя,місто,Львів,Галицький,вулиця,Наливайка С.,20,null,падіння пасажира,порушення правил маневрування,2,без ушкоджень,легко травмований,null,null,null,null,null,null,null,null,null,null,null,null,null,null,null,null,null,null,49.843217,24.023618
2019-03-01,22:51:00,п'ятниця,місто,Львів,Франківський,вулиця,Городоцька,174,null,наїзд на пішохода - пішохід рухався у попутному напрямку,перехід у невстановленому місці,2,без ушкоджень,тяжко травмований,null,null,null,null,null,null,null,null,null,null,null,null,null,null,null,null,null,null,49.835581,23.996077
2019-03-18,5:45:00,понеділок,місто,Львів,Залізничний,вулиця,Городоцька,null,Перехрестя вул. Городоцька - вул. Ряшівська,"наїзд на транспортний засіб, що стоїть - по ходу руху","недодержання дистанції, керування транспортним засобом у нетверезому стані",3,без ушкоджень,легко травмований,легко травмований,null,null,null,null,null,null,null,null,null,null,null,null,null,null,null,null,null,49.828133,23.954608
2019-02-22,12:31:00,п'ятниця,місто,Львів,Франківський,вулиця,Княгині Ольги,59,null,наїзд на пішохода - на регульованому пішохідному переході,порушення правил маневрування,2,без ушкоджень,тяжко травмований,null,null,null,null,null,null,null,null,null,null,null,null,null,null,null,null,null,null,49.811463,24.000294
2019-02-26,11:31:00,вівторок,місто,Львів,Шевченківський,вулиця,Шевченка Т.,10,null,наїзд на пішохода - на регульованому пішохідному переході,порушення правил маневрування,2,без ушкоджень,легко травмований,null,null,null,null,null,null,null,null,null,null,null,null,null,null,null,null,null,null,49.842733,24.017766
2019-03-29,18:59:00,п'ятниця,місто,Львів,Шевченківський,вулиця,Липинського В.,null,Перехрестя вул. Липинського В. - вул. Замарстинівська,наїзд на пішохода - пішохід рухався у попутному напрямку,порушення правил маневрування,2,без ушкоджень,легко травмований,null,null,null,null,null,null,null,null,null,null,null,null,null,null,null,null,null,null,49.860077,24.027198
2019-03-19,9:30:00,вівторок,місто,Львів,Шевченківський,проспект,"Чорновола В., просп.",45,null,зіткнення бокове,"перевищення безпечної швидкості, недодержання дистанції",4,без ушкоджень,без ушкоджень,без ушкоджень,легко травмований,null,null,null,null,null,null,null,null,null,null,null,null,null,null,null,null,49.854966,24.0211
2019-03-28,20:01:00,четвер,місто,Львів,Галицький,вулиця,Університетська,1,null,наїзд на пішохода - пішохід рухався у попутному напрямку,порушення правил маневрування,2,без ушкоджень,легко травмований,null,null,null,null,null,null,null,null,null,null,null,null,null,null,null,null,null,null,49.840031,24.021939
2019-03-22,12:05:00,п'ятниця,місто,Львів,Сихівський,вулиця,Хуторівка,4Б,null,наїзд на пішохода - стояв на проїздній частині,перевищення безпечної швидкості,2,легко травмований,без ушкоджень,null,null,null,null,null,null,null,null,null,null,null,null,null,null,null,null,null,null,49.79974,24.026622
2019-03-28,8:44:00,четвер,місто,Львів,Залізничний,вулиця,Виговського І.,55,null,наїзд на пішохода - пішохід рухався у попутному напрямку,перехід у невстановленому місці,2,без ушкоджень,тяжко травмований,null,null,null,null,null,null,null,null,null,null,null,null,null,null,null,null,null,null,49.815018,23.974373
2019-03-22,8:01:00,п'ятниця,місто,Львів,Личаківський,вулиця,Личаківська,64,null,наїзд на пішохода - пішохід рухався у попутному напрямку,порушення правил проїзду пішохідних переходів,2,без ушкоджень,легко травмований,null,null,null,null,null,null,null,null,null,null,null,null,null,null,null,null,null,null,49.839726,24.050285
2019-03-28,0:02:00,четвер,місто,Львів,Галицький,вулиця,Городоцька,90,null,наїзд на пішохода - пішохід рухався у попутному напрямку,порушення правил маневрування,2,без ушкоджень,помер на місці дтп,null,null,null,null,null,null,null,null,null,null,null,null,null,null,null,null,null,null,49.837796,24.005942
2019-03-23,14:23:00,субота,місто,Львів,Личаківський,вулиця,Личаківська,77,null,наїзд на пішохода - пішохід рухався у попутному напрямку,порушення правил проїзду пішохідних переходів,2,без ушкоджень,легко травмований,null,null,null,null,null,null,null,null,null,null,null,null,null,null,null,null,null,null,49.839771,24.050097
2019-03-10,7:40:00,неділя,місто,Львів,Залізничний,вулиця,Городоцька,219,null,зіткнення лобове,порушення правил маневрування,4,без ушкоджень,без ушкоджень,без ушкоджень,легко травмований,null,null,null,null,null,null,null,null,null,null,null,null,null,null,null,null,49.832741,23.980172
2019-03-23,21:50:00,субота,місто,Львів,Шевченківський,вулиця,Шевченка Т.,386,null,зіткнення лобове,порушення правил проїзду перехресть,7,легко травмований,легко травмований,легко травмований,легко травмований,легко травмований,легко травмований,легко травмований,null,null,null,null,null,null,null,null,null,null,null,null,null,49.870971,23.945292
2019-03-13,12:01:00,середа,місто,Львів,Галицький,вулиця,Гладишевського Є.,8,null,наїзд на пішохода - пішохід рухався у попутному напрямку,порушення правил маневрування,2,без ушкоджень,легко травмований,null,null,null,null,null,null,null,null,null,null,null,null,null,null,null,null,null,null,49.830837,24.030586
2019-02-22,20:45:00,п'ятниця,місто,Львів,Личаківський,вулиця,Медової Печери,36,null,наїзд на пішохода - пішохід рухався у попутному напрямку,порушення правил маневрування,2,без ушкоджень,легко травмований,null,null,null,null,null,null,null,null,null,null,null,null,null,null,null,null,null,null,49.823916,24.081237
2019-03-24,21:20:00,неділя,місто,Львів,Франківський,вулиця,Володимира Великого,null,Перехрестя вул. Володимира Великого -  вул. Стрийська,зіткнення лобове,"перевищення безпечної швидкості, недодержання дистанції",4,легко травмований,без ушкоджень,без ушкоджень,легко травмований,null,null,null,null,null,null,null,null,null,null,null,null,null,null,null,null,49.80815,24.01916
2019-02-13,9:40:00,середа,місто,Львів,Франківський,вулиця,Городоцька,112,null,наїзд на пішохода - пішохід рухався у попутному напрямку,порушення правил маневрування,2,без ушкоджень,легко травмований,null,null,null,null,null,null,null,null,null,null,null,null,null,null,null,null,null,null,49.836782,24.002799
2019-02-19,9:41:00,вівторок,місто,Львів,Шевченківський,вулиця,Грінченка Б.,6Б,null,наїзд на пішохода - пішохід рухався у попутному напрямку,порушення правил маневрування,2,без ушкоджень,легко травмований,null,null,null,null,null,null,null,null,null,null,null,null,null,null,null,null,null,null,49.873017,24.050837
2019-02-09,22:01:00,субота,місто,Львів,Шевченківський,вулиця,Біберовича І.,null,вул. Біберовича І. - вул. Шевченка Т.,наїзд на пішохода - на регульованому пішохідному переході,порушення правил маневрування,2,без ушкоджень,легко травмований,null,null,null,null,null,null,null,null,null,null,null,null,null,null,null,null,null,null,49.862928,23.963284
2019-03-01,8:40:00,п'ятниця,місто,Львів,Франківський,вулиця,Гіпсова,56,null,наїзд на велосипедиста - велосипедист рухався у попутному напрямку,порушення правил маневрування,2,без ушкоджень,легко травмований,null,null,null,null,null,null,null,null,null,null,null,null,null,null,null,null,null,null,49.825189,23.992357
2019-02-21,18:15:00,четвер,місто,Львів,Шевченківський,вулиця,Ожинова,1,null,наїзд на пішохода - пішохід рухався у попутному напрямку,порушення правил маневрування,2,без ушкоджень,легко травмований,null,null,null,null,null,null,null,null,null,null,null,null,null,null,null,null,null,null,49.866465,23.96204
2019-03-26,14:01:00,вівторок,місто,Львів,Залізничний,вулиця,Городоцька,226,null,наїзд на пішохода - пішохід рухався у попутному напрямку,порушення правил маневрування,2,без ушкоджень,легко травмований,null,null,null,null,null,null,null,null,null,null,null,null,null,null,null,null,null,null,49.827308,23.949648
2019-03-23,20:01:00,субота,місто,Львів,Франківський,вулиця,Городоцька,179,null,наїзд на пішохода - пішохід рухався у попутному напрямку,перевищення безпечної швидкості,2,без ушкоджень,легко травмований,null,null,null,null,null,null,null,null,null,null,null,null,null,null,null,null,null,null,49.835028,23.995059
2019-02-22,13:01:00,п'ятниця,місто,Львів,Сихівський,вулиця,Хуторівка,null,null,наїзд на пішохода - на регульованому пішохідному переході,порушення правил маневрування,2,без ушкоджень,легко травмований,null,null,null,null,null,null,null,null,null,null,null,null,null,null,null,null,null,null,49.800021,24.038086
2019-03-07,21:48:00,четвер,місто,Львів,Личаківський,вулиця,Левицького К.,25А,null,зіткнення лобове,"порушення правил маневрування, недодержання дистанції",3,легко травмований,без ушкоджень,без ушкоджень,null,null,null,null,null,null,null,null,null,null,null,null,null,null,null,null,null,49.835076,24.038858
2019-03-18,9:10:00,понеділок,місто,Львів,Залізничний,вулиця,Городоцька,116А,null,наїзд на пішохода - пішохід рухався у попутному напрямку,порушення правил маневрування,2,без ушкоджень,легко травмований,null,null,null,null,null,null,null,null,null,null,null,null,null,null,null,null,null,null,49.835691,23.995566
2019-03-16,16:45:00,субота,місто,Львів,Франківський,вулиця,Кульпарківська,234,null,зіткнення лобове,порушення правил проїзду перехресть,4,без ушкоджень,легко травмований,легко травмований,тяжко травмований,null,null,null,null,null,null,null,null,null,null,null,null,null,null,null,null,49.801295,23.980354
2019-02-05,19:45:00,вівторок,місто,Львів,Галицький,проспект,"Чорновола В., просп.",10,null,падіння пасажира,порушення правил маневрування,2,без ушкоджень,тяжко травмований,null,null,null,null,null,null,null,null,null,null,null,null,null,null,null,null,null,null,49.847001,24.025453
2019-03-27,21:40:00,середа,місто,Львів,Шевченківський,вулиця,Липинського В.,23,null,зіткнення лобове,"перевищення безпечної швидкості, порушення правил маневрування",2,легко травмований,без ушкоджень,null,null,null,null,null,null,null,null,null,null,null,null,null,null,null,null,null,null,49.861279,24.028199
2019-03-18,22:49:00,понеділок,місто,Львів,Личаківський,вулиця,Богданівська,24,null,наїзд на інші види перешкод,перевищення безпечної швидкості,3,легко травмований,легко травмований,легко травмований,null,null,null,null,null,null,null,null,null,null,null,null,null,null,null,null,null,49.845182,24.084671
2019-03-12,21:10:00,вівторок,місто,Львів,Личаківський,вулиця,Хмельницького Б.,289,null,наїзд на пішохода - пішохід рухався у попутному напрямку,порушення правил маневрування,2,без ушкоджень,тяжко травмований,null,null,null,null,null,null,null,null,null,null,null,null,null,null,null,null,null,null,49.874784,24.061539
2019-03-20,17:30:00,середа,місто,Львів,Шевченківський,вулиця,Величковського І.,30А,null,наїзд на пішохода - пішохід рухався у попутному напрямку,"перевищення безпечної швидкості, недодержання дистанції",2,без ушкоджень,помер на місці дтп,null,null,null,null,null,null,null,null,null,null,null,null,null,null,null,null,null,null,49.876004,23.934735
2019-03-08,13:31:00,п'ятниця,місто,Львів,Франківський,вулиця,"Сахарова А., акад.",23,null,наїзд на пішохода - на регульованому пішохідному переході,порушення правил проїзду пішохідних переходів,2,без ушкоджень,легко травмований,null,null,null,null,null,null,null,null,null,null,null,null,null,null,null,null,null,null,49.824477,24.011714
2019-04-11,20:09:00,четвер,місто,Львів,Сихівський,вулиця,Хуторівка,35В,null,перекидання тз,"порушення правил маневрування, перевищення безпечної швидкості",1,легко травмований,null,null,null,null,null,null,null,null,null,null,null,null,null,null,null,null,null,null,null,49.800104,24.034706
2019-04-22,23:47:00,понеділок,місто,Львів,Шевченківський,проспект,"Чорновола В., просп.",105,null,наїзд на пішохода - пішохід переходив дорогу поза межами пішохідного переходу,порушення правил маневрування,3,без ушкоджень,без ушкоджень,легко травмований,null,null,null,null,null,null,null,null,null,null,null,null,null,null,null,null,null,49.867119,24.015598
2019-04-01,10:34:00,понеділок,місто,Львів,Личаківський,вулиця,Чернігівська,15,null,наїзд на пішохода - на регульованому пішохідному переході,порушення правил зупинки і стоянки транспортного засобу,3,без ушкоджень,легко травмований,без ушкоджень,null,null,null,null,null,null,null,null,null,null,null,null,null,null,null,null,null,49.839159,24.044995
2019-04-08,12:55:00,понеділок,місто,Львів,Галицький,вулиця,Хмельницького Б.,30,null,наїзд на пішохода - пішохід переходив дорогу поза межами пішохідного переходу,перехід у невстановленому місці,2,без ушкоджень,легко травмований,null,null,null,null,null,null,null,null,null,null,null,null,null,null,null,null,null,null,49.847814,24.028527
2019-03-06,19:20:00,середа,місто,Львів,Франківський,вулиця,Наукова,7Д,null,зіткнення бокове,порушення правил маневрування,2,легко травмований,без ушкоджень,null,null,null,null,null,null,null,null,null,null,null,null,null,null,null,null,null,null,49.803241,24.003856
2019-04-14,10:47:00,неділя,місто,Львів,Галицький,вулиця,Стрийська,30,null,зіткнення лобове,"невиконання вимог сигналів регулювання, перевищення безпечної швидкості",4,без ушкоджень,легко травмований,легко травмований,без ушкоджень,null,null,null,null,null,null,null,null,null,null,null,null,null,null,null,null,49.827183,24.028714
2019-04-20,8:10:00,субота,місто,Львів,Франківський,вулиця,Городоцька,155,null,наїзд на пішохода - пішохід рухався у попутному напрямку,неочікуваний вихід на проїзну частину,2,без ушкоджень,легко травмований,null,null,null,null,null,null,null,null,null,null,null,null,null,null,null,null,null,null,49.836145,23.999382
2019-05-02,23:58:00,четвер,селище,Брюховичі,Шевченківський,вулиця,Невеличка,2,null,наїзд на інші види перешкод,порушення правил маневрування,1,легко травмований,null,null,null,null,null,null,null,null,null,null,null,null,null,null,null,null,null,null,null,49.900191,23.93554
2019-05-11,19:31:00,субота,місто,Львів,Франківський,вулиця,Володимира Великого,58,null,зіткнення лобове,недодержання дистанції,2,без ушкоджень,легко травмований,null,null,null,null,null,null,null,null,null,null,null,null,null,null,null,null,null,null,49.812719,23.985139
2019-04-10,8:01:00,середа,місто,Львів,Франківський,вулиця,Симоненка В.,null,"Перехрестя вул. Симоненка В. - Наукова, 55",наїзд на пішохода - на регульованому пішохідному переході,порушення правил маневрування,2,без ушкоджень,легко травмований,null,null,null,null,null,null,null,null,null,null,null,null,null,null,null,null,null,null,49.805664,23.986663
2019-04-20,1:33:00,субота,місто,Львів,Галицький,проспект,"Свободи, просп.",null,"Перехрестя Свободи, просп. -  вул. Городоцька",наїзд на пішохода - пішохід рухався у попутному напрямку,порушення правил маневрування,2,без ушкоджень,легко травмований,null,null,null,null,null,null,null,null,null,null,null,null,null,null,null,null,null,null,49.8444,24.02547
2019-04-24,15:01:00,середа,село,Солонка,N/A,вулиця,Стуса В.,18,null,наїзд на пішохода - на нерегульованому пішохідному переході,порушення правил маневрування,2,без ушкоджень,легко травмований,null,null,null,null,null,null,null,null,null,null,null,null,null,null,null,null,null,null,49.7589,24.013002
2019-05-06,19:40:00,понеділок,місто,Львів,Галицький,площа,"Святого Теодора, пл.",12,null,зіткнення лобове,порушення правил маневрування,3,без ушкоджень,без ушкоджень,легко травмований,null,null,null,null,null,null,null,null,null,null,null,null,null,null,null,null,null,49.847001,24.025651
2019-04-26,21:13:00,п'ятниця,місто,Львів,Сихівський,вулиця,Зелена,null,Перехрестя вул. Зелена - вул. Зубрівська,зіткнення лобове,"порушення правил проїзду перехресть, порушення правил маневрування",2,без ушкоджень,тяжко травмований,null,null,null,null,null,null,null,null,null,null,null,null,null,null,null,null,null,null,49.801946,24.065573
2019-05-07,21:36:00,вівторок,місто,Львів,Франківський,вулиця,Княгині Ольги,100Г,null,зіткнення бокове,"перевищення безпечної швидкості, недодержання дистанції, керування транспортним засобом у нетверезому стані",2,без ушкоджень,легко травмований,null,null,null,null,null,null,null,null,null,null,null,null,null,null,null,null,null,null,49.802216,23.997563
2019-05-13,15:50:00,понеділок,місто,Львів,Залізничний,вулиця,Городоцька,235,null,зіткнення лобове,"перевищення безпечної швидкості, недодержання дистанції",2,легко травмований,без ушкоджень,null,null,null,null,null,null,null,null,null,null,null,null,null,null,null,null,null,null,49.831824,23.975049
2019-05-08,7:45:00,середа,місто,Львів,Галицький,вулиця,Під Дубом,2,null,наїзд на пішохода - пішохід рухався у попутному напрямку,порушення правил проїзду пішохідних переходів,2,без ушкоджень,легко травмований,null,null,null,null,null,null,null,null,null,null,null,null,null,null,null,null,null,null,49.85046,24.025265
2019-04-11,9:45:00,четвер,місто,Львів,Галицький,вулиця,Городоцька,50,null,падіння пасажира,порушення правил маневрування,2,без ушкоджень,легко травмований,null,null,null,null,null,null,null,null,null,null,null,null,null,null,null,null,null,null,49.842694,24.018103
2019-04-09,10:20:00,вівторок,місто,Львів,Галицький,площа,"Святого Юра, пл.",1,null,наїзд на пішохода - на регульованому пішохідному переході,порушення правил маневрування,2,без ушкоджень,легко травмований,null,null,null,null,null,null,null,null,null,null,null,null,null,null,null,null,null,null,49.836861,24.013308
2019-04-11,18:30:00,четвер,місто,Львів,Шевченківський,проспект,"Чорновола В., просп.",59,null,падіння пасажира,порушення техніки безпеки пасажиром,2,без ушкоджень,легко травмований,null,null,null,null,null,null,null,null,null,null,null,null,null,null,null,null,null,null,49.857187,24.021161
2019-05-08,16:50:00,середа,місто,Львів,Шевченківський,вулиця,Липинського В.,44,null,зіткнення бокове,невиконання вимог сигналів регулювання,2,без ушкоджень,легко травмований,null,null,null,null,null,null,null,null,null,null,null,null,null,null,null,null,null,null,49.863796,24.033993
2019-04-13,16:01:00,субота,місто,Львів,Галицький,вулиця,Стуса В.,29,null,зіткнення бокове,порушення правил маневрування,2,без ушкоджень,легко травмований,null,null,null,null,null,null,null,null,null,null,null,null,null,null,null,null,null,null,49.820404,24.040167
2019-05-09,17:46:00,четвер,місто,Львів,Сихівський,вулиця,Вернадського В.,42,null,наїзд на пішохода - лежав на дорозі,перехід у невстановленому місці,2,без ушкоджень,легко травмований,null,null,null,null,null,null,null,null,null,null,null,null,null,null,null,null,null,null,49.781971,24.052752
2019-03-02,16:01:00,субота,місто,Львів,Сихівський,проспект,"Червоної Калини, просп.",null,null,наїзд на пішохода - пішохід рухався у попутному напрямку,порушення правил маневрування,2,без ушкоджень,легко травмований,null,null,null,null,null,null,null,null,null,null,null,null,null,null,null,null,null,null,49.798151,24.049609
2019-04-16,20:43:00,вівторок,місто,Львів,Сихівський,вулиця,Сихівська,13,null,наїзд на пішохода - на регульованому пішохідному переході,"порушення правил маневрування, порушення правил проїзду пішохідних переходів",2,без ушкоджень,помер у лікарні протягом 30 діб,null,null,null,null,null,null,null,null,null,null,null,null,null,null,null,null,null,null,49.796257,24.062435