accidentDate,accidentTime,accidentDay,settlementType,settlement,district,streetType,streetName,houseNumber,locationComments,accidentType,mainAccidentCause,totalParticipantsAmount,injuryStatusParticipant1,injuryStatusParticipant2,injuryStatusParticipant3,injuryStatusParticipant4,injuryStatusParticipant5,injuryStatusParticipant6,injuryStatusParticipant7,injuryStatusParticipant8,injuryStatusParticipant9,injuryStatusParticipant10,injuryStatusParticipant11,injuryStatusParticipant12,injuryStatusParticipant13,injuryStatusParticipant14,injuryStatusParticipant15,injuryStatusParticipant16,injuryStatusParticipant17,injuryStatusParticipant18,injuryStatusParticipant19,injuryStatusParticipant20,latitude,longitude
2019-10-17,19:07:00,четвер,місто,Львів,Галицький,вулиця,Митрополита Андрея,8,null,зіткнення лобове,порушення правил маневрування,4,без ушкоджень,легко травмований,легко травмований,легко травмований,null,null,null,null,null,null,null,null,null,null,null,null,null,null,null,null,49.836609,24.010754
2019-10-11,18:43:00,п'ятниця,місто,Львів,Франківський,вулиця,Кульпарківська,null,вул. Кульпарківська - вул. Героїв УПА,наїзд на пішохода - на нерегульованому пішохідному переході,порушення правил проїзду пішохідних переходів,2,без ушкоджень,легко травмований,null,null,null,null,null,null,null,null,null,null,null,null,null,null,null,null,null,null,49.828819,23.990199
2019-09-27,18:05:00,п'ятниця,місто,Львів,Сихівський,проспект,"Червоної Калини, просп.",92,null,наїзд на пішохода - пішохід рухався у попутному напрямку,"перевищення безпечної швидкості, порушення правил проїзду пішохідних переходів",2,без ушкоджень,легко травмований,null,null,null,null,null,null,null,null,null,null,null,null,null,null,null,null,null,null,49.78576,24.058353
2019-10-02,12:20:00,середа,місто,Львів,Залізничний,вулиця,Широка,1,null,зіткнення лобове,порушення правил проїзду перехресть,3,без ушкоджень,без ушкоджень,легко травмований,null,null,null,null,null,null,null,null,null,null,null,null,null,null,null,null,null,49.842387,23.979752
2019-10-02,20:01:00,середа,місто,Львів,Шевченківський,вулиця,Тичини П.,18,null,наїзд на пішохода - пішохід рухався у попутному напрямку,порушення правил маневрування,2,без ушкоджень,легко травмований,null,null,null,null,null,null,null,null,null,null,null,null,null,null,null,null,null,null,49.869622,24.033725
2019-10-16,21:30:00,середа,місто,Львів,Залізничний,вулиця,Кульпарківська,118,null,наїзд на пішохода - пішохід рухався у попутному напрямку,порушення правил маневрування,2,без ушкоджень,помер на місці дтп,null,null,null,null,null,null,null,null,null,null,null,null,null,null,null,null,null,null,49.81937,23.987991
2019-10-16,18:30:00,середа,місто,Львів,Франківський,вулиця,Княгині Ольги,118,null,зіткнення бокове,порушення правил маневрування,2,без ушкоджень,легко травмований,null,null,null,null,null,null,null,null,null,null,null,null,null,null,null,null,null,null,49.804121,23.99709
2019-10-02,8:50:00,середа,місто,Львів,Франківський,вулиця,Рубчака І.,3,null,наїзд на пішохода - пішохід рухався у попутному напрямку,порушення правил маневрування,2,без ушкоджень,легко травмований,null,null,null,null,null,null,null,null,null,null,null,null,null,null,null,null,null,null,49.80574,24.014965
2019-09-20,19:25:00,п'ятниця,місто,Львів,Шевченківський,вулиця,Хмельницького Б.,188,null,наїзд на пішохода - пішохід рухався у попутному напрямку,неочікуваний вихід на проїзну частину,2,без ушкоджень,легко травмований,null,null,null,null,null,null,null,null,null,null,null,null,null,null,null,null,null,null,49.863066,24.051572
2019-10-13,19:45:00,неділя,місто,Львів,Галицький,вулиця,Під Дубом,null,null,наїзд на пішохода - пішохід рухався у попутному напрямку,невиконання вимог сигналів регулювання,2,без ушкоджень,тяжко травмований,null,null,null,null,null,null,null,null,null,null,null,null,null,null,null,null,null,null,49.850656,24.023502
2019-10-14,11:32:00,понеділок,місто,Львів,Франківський,вулиця,Кульпарківська,147,null,зіткнення лобове,порушення правил маневрування,3,без ушкоджень,легко травмований,легко травмований,null,null,null,null,null,null,null,null,null,null,null,null,null,null,null,null,null,49.816468,23.986491
2019-09-25,23:02:00,середа,місто,Львів,Франківський,вулиця,Наукова,55,null,зіткнення лобове,порушення правил маневрування,3,без ушкоджень,без ушкоджень,легко травмований,null,null,null,null,null,null,null,null,null,null,null,null,null,null,null,null,null,49.805038,23.986099
2019-09-25,18:01:00,середа,місто,Львів,Франківський,вулиця,Стрийська,284,null,зіткнення лобове,недодержання дистанції,3,без ушкоджень,без ушкоджень,легко травмований,null,null,null,null,null,null,null,null,null,null,null,null,null,null,null,null,null,49.789435,24.015051
2019-10-19,10:50:00,субота,місто,Львів,Шевченківський,вулиця,Замарстинівська,219,null,наїзд на пішохода - пішохід рухався у попутному напрямку,порушення правил проїзду пішохідних переходів,2,без ушкоджень,легко травмований,null,null,null,null,null,null,null,null,null,null,null,null,null,null,null,null,null,null,49.871206,24.018474
2019-09-25,10:21:00,середа,місто,Львів,Залізничний,вулиця,Городоцька,238,null,наїзд на пішохода - пішохід рухався у попутному напрямку,перевищення безпечної швидкості,2,без ушкоджень,помер у лікарні протягом 30 діб,null,null,null,null,null,null,null,null,null,null,null,null,null,null,null,null,null,null,49.82665,23.946177
2019-10-09,20:10:00,середа,місто,Львів,Личаківський,вулиця,Богданівська,null,null,наїзд на велосипедиста - на велосипедній доріжці,порушення правил маневрування,2,без ушкоджень,легко травмований,null,null,null,null,null,null,null,null,null,null,null,null,null,null,null,null,null,null,49.852055,24.077396
2019-09-14,15:15:00,субота,місто,Львів,Галицький,вулиця,Стуса В.,null,АЗС,перекидання тз,порушення правил маневрування,1,легко травмований,null,null,null,null,null,null,null,null,null,null,null,null,null,null,null,null,null,null,null,49.821802,24.039116
2019-10-10,17:49:00,четвер,місто,Львів,Галицький,вулиця,Снопківська,17,null,наїзд на пішохода - на регульованому пішохідному переході,порушення правил маневрування,2,без ушкоджень,легко травмований,null,null,null,null,null,null,null,null,null,null,null,null,null,null,null,null,null,null,49.827412,24.035114
2019-10-16,9:01:00,середа,місто,Львів,Личаківський,вулиця,Личаківська,189,null,наїзд на пішохода - пішохід рухався у попутному напрямку,"порушення правил маневрування, перевищення безпечної швидкості",2,без ушкоджень,помер на місці дтп,null,null,null,null,null,null,null,null,null,null,null,null,null,null,null,null,null,null,49.835945,24.069961
2019-09-16,4:52:00,понеділок,місто,Львів,Франківський,вулиця,"Чупринки Т., ген.",60,null,наїзд на пішохода - пішохід рухався у попутному напрямку,порушення правил маневрування,2,без ушкоджень,помер у лікарні протягом 30 діб,null,null,null,null,null,null,null,null,null,null,null,null,null,null,null,null,null,null,49.830727,24.008823
2019-10-17,6:02:00,четвер,місто,Львів,Галицький,проспект,"Чорновола В., просп.",7,null,наїзд на пішохода - пішохід рухався у попутному напрямку,неочікуваний вихід на проїзну частину,2,без ушкоджень,легко травмований,null,null,null,null,null,null,null,null,null,null,null,null,null,null,null,null,null,null,49.845375,24.025284
2019-10-12,15:30:00,субота,місто,Львів,Шевченківський,вулиця,Шевченка Т.,321,null,зіткнення лобове,порушення правил маневрування,3,без ушкоджень,легко травмований,легко травмований,null,null,null,null,null,null,null,null,null,null,null,null,null,null,null,null,null,49.872404,23.9918
2019-10-18,19:10:00,п'ятниця,місто,Львів,Франківський,вулиця,Княгині Ольги,22,null,зіткнення лобове,порушення правил маневрування,3,без ушкоджень,легко травмований,легко травмований,null,null,null,null,null,null,null,null,null,null,null,null,null,null,null,null,null,49.823758,24.007488
2019-10-03,16:45:00,четвер,місто,Львів,Галицький,вулиця,Смерекова,null,null,наїзд на пішохода - пішохід рухався у попутному напрямку,порушення правил маневрування,2,без ушкоджень,легко травмований,null,null,null,null,null,null,null,null,null,null,null,null,null,null,null,null,null,null,49.847107,24.030117
2019-10-19,17:20:00,субота,місто,Львів,Галицький,вулиця,Руставелі Ш.,null,Перезхрестя вул. Руставелі Ш. -  вул. Франка І.,наїзд на пішохода - пішохід рухався у попутному напрямку,порушення правил маневрування,2,без ушкоджень,легко травмований,null,null,null,null,null,null,null,null,null,null,null,null,null,null,null,null,null,null,49.829523,24.03197
2019-10-09,16:34:00,середа,місто,Львів,Сихівський,вулиця,Липова Алея,7,null,наїзд на пішохода - пішохід рухався у попутному напрямку,порушення правил маневрування,2,без ушкоджень,легко травмований,null,null,null,null,null,null,null,null,null,null,null,null,null,null,null,null,null,null,49.820192,24.054163
2019-09-14,17:05:00,субота,місто,Львів,Шевченківський,вулиця,Липинського В.,68,null,падіння пасажира,порушення правил маневрування,2,без ушкоджень,легко травмований,null,null,null,null,null,null,null,null,null,null,null,null,null,null,null,null,null,null,49.865318,24.045679
2019-09-14,18:30:00,субота,місто,Львів,Залізничний,вулиця,Виговського І.,32,null,падіння пасажира,порушення правил перевезення пасажирів,2,без ушкоджень,легко травмований,null,null,null,null,null,null,null,null,null,null,null,null,null,null,null,null,null,null,49.825263,23.967673
2019-10-02,7:57:00,середа,місто,Львів,Франківський,вулиця,Кульпарківська,null,Перехрестя вул. Кульпарківська - вул. Антоновича В.,зіткнення бокове,"перевищення безпечної швидкості, невиконання вимог сигналів регулювання",5,легко травмований,без ушкоджень,без ушкоджень,легко травмований,легко травмований,null,null,null,null,null,null,null,null,null,null,null,null,null,null,null,49.825861,23.98989
2019-10-08,12:45:00,вівторок,місто,Львів,Шевченківський,вулиця,Грінченка Б.,6,null,наїзд на пішохода - пішохід рухався у попутному напрямку,порушення правил маневрування,2,без ушкоджень,легко травмований,null,null,null,null,null,null,null,null,null,null,null,null,null,null,null,null,null,null,49.870566,24.055488
2019-10-06,22:25:00,неділя,місто,Львів,Шевченківський,вулиця,"Мазепи І., гетьм.",26,null,зіткнення бокове,порушення правил маневрування,2,без ушкоджень,легко травмований,null,null,null,null,null,null,null,null,null,null,null,null,null,null,null,null,null,null,49.835858,23.890581
2019-10-14,18:10:00,понеділок,місто,Львів,Сихівський,вулиця,Луганська,10,null,наїзд на пішохода - пішохід рухався у попутному напрямку,порушення правил проїзду пішохідних переходів,2,без ушкоджень,легко травмований,null,null,null,null,null,null,null,null,null,null,null,null,null,null,null,null,null,null,49.80865,24.0508
2019-10-13,4:44:00,неділя,місто,Львів,Галицький,проспект,"Чорновола В., просп.",2,null,наїзд на пішохода - пішохід рухався у попутному напрямку,"порушення правил маневрування, порушення правил проїзду пішохідних переходів",2,без ушкоджень,тяжко травмований,null,null,null,null,null,null,null,null,null,null,null,null,null,null,null,null,null,null,49.845946,24.025281
2019-10-16,23:45:00,середа,місто,Львів,Франківський,вулиця,Стрийська, 86Б,null,зіткнення бокове,порушення правил маневрування,2,легко травмований,без ушкоджень,null,null,null,null,null,null,null,null,null,null,null,null,null,null,null,null,null,null,49.818306,24.020158
2019-10-16,9:20:00,середа,місто,Львів,Личаківський,вулиця,Личаківська,187,null,наїзд на пішохода - пішохід рухався у попутному напрямку,"порушення правил проїзду пішохідних переходів, порушення правил маневрування",2,без ушкоджень,легко травмований,null,null,null,null,null,null,null,null,null,null,null,null,null,null,null,null,null,null,49.835965,24.069934
2019-10-16,0:09:00,середа,місто,Львів,Шевченківський,вулиця,Промислова,52,null,наїзд на пішохода - пішохід рухався у попутному напрямку,порушення правил маневрування,2,без ушкоджень,легко травмований,null,null,null,null,null,null,null,null,null,null,null,null,null,null,null,null,null,null,49.86114,24.043751
2019-09-13,20:10:00,п'ятниця,місто,Львів,Залізничний,вулиця,Левандівська,9,null,наїзд на пішохода - пішохід рухався у попутному напрямку,порушення правил маневрування,2,без ушкоджень,легко травмований,null,null,null,null,null,null,null,null,null,null,null,null,null,null,null,null,null,null,49.844922,23.985037
2019-09-17,10:30:00,вівторок,місто,Львів,Сихівський,вулиця,Зелена,253,null,зіткнення лобове,"порушення правил маневрування, порушення правил проїзду перехресть",2,без ушкоджень,легко травмований,null,null,null,null,null,null,null,null,null,null,null,null,null,null,null,null,null,null,49.803694,24.063975
2019-09-19,12:15:00,четвер,місто,Львів,Сихівський,проспект,"Червоної Калини, просп.",61,null,падіння пасажира,"невиконання вимог сигналів регулювання, порушення правил маневрування",3,без ушкоджень,без ушкоджень,легко травмований,null,null,null,null,null,null,null,null,null,null,null,null,null,null,null,null,null,49.79617,24.054222
2019-09-22,16:27:00,неділя,місто,Львів,Сихівський,вулиця,Стрийська,null,Перехрестя вул. Стрийська - вул. Мікльоша К.,зіткнення лобове,порушення правил маневрування,2,без ушкоджень,легко травмований,null,null,null,null,null,null,null,null,null,null,null,null,null,null,null,null,null,null,49.783758,24.014161
2019-09-16,9:01:00,понеділок,місто,Львів,Сихівський,вулиця,Стрийська,179,null,наїзд на велосипедиста - велосипедист рухався у попутному напрямку,перевищення безпечної швидкості,2,без ушкоджень,легко травмований,null,null,null,null,null,null,null,null,null,null,null,null,null,null,null,null,null,null,49.777468,24.014171
2019-10-14,13:30:00,понеділок,місто,Львів,Галицький,проспект,"Чорновола В., просп.",12,null,наїзд на пішохода - пішохід рухався у попутному напрямку,порушення правил маневрування,3,легко травмований,без ушкоджень,легко травмований,null,null,null,null,null,null,null,null,null,null,null,null,null,null,null,null,null,49.847036,24.025667
2019-09-28,22:45:00,субота,місто,Львів,Франківський,вулиця,Кульпарківська,96,null,зіткнення лобове,порушення правил проїзду перехресть,2,легко травмований,без ушкоджень,null,null,null,null,null,null,null,null,null,null,null,null,null,null,null,null,null,null,49.822902,23.98905
2019-09-15,15:01:00,неділя,місто,Львів,Залізничний,вулиця,Широка,null,null,наїзд на пішохода - на нерегульованому пішохідному переході,порушення правил проїзду пішохідних переходів,2,без ушкоджень,легко травмований,null,null,null,null,null,null,null,null,null,null,null,null,null,null,null,null,null,null,49.842245,23.97234
2019-09-15,15:33:00,неділя,місто,Львів,Галицький,проспект,"Свободи, просп.",5,null,падіння пасажира,порушення правил маневрування,3,без ушкоджень,легко травмований,легко травмований,null,null,null,null,null,null,null,null,null,null,null,null,null,null,null,null,null,49.840259,24.028092
2019-09-13,18:10:00,п'ятниця,місто,Львів,Галицький,вулиця,Волоська,1,null,наїзд на пішохода - пішохід рухався у попутному напрямку,порушення правил маневрування,2,без ушкоджень,легко травмований,null,null,null,null,null,null,null,null,null,null,null,null,null,null,null,null,null,null,49.828986,24.033312
2019-10-10,15:10:00,четвер,місто,Львів,Залізничний,вулиця,Бортнянського Д.,40,null,зіткнення лобове,порушення правил маневрування,2,легко травмований,без ушкоджень,null,null,null,null,null,null,null,null,null,null,null,null,null,null,null,null,null,null,49.845448,24.00009
2019-10-09,13:30:00,середа,місто,Львів,Сихівський,вулиця,Навроцького В.,23,null,наїзд на пішохода - пішохід рухався у попутному напрямку,порушення правил проїзду пішохідних переходів,2,без ушкоджень,легко травмований,null,null,null,null,null,null,null,null,null,null,null,null,null,null,null,null,null,null,49.813307,24.050884
2019-10-09,9:01:00,середа,місто,Львів,Шевченківський,вулиця,"Мазепи І., гетьм.",36,null,"наїзд на опори (леп, телефонних та телеграфних ліній, рекламоносіїв, щогли антен моб. зв'язку, тощо)","перевищення безпечної швидкості, недодержання дистанції",1,легко травмований,null,null,null,null,null,null,null,null,null,null,null,null,null,null,null,null,null,null,null,49.872754,24.044894
2019-09-16,16:31:00,понеділок,місто,Львів,Галицький,проспект,"Свободи, просп.",19,null,зіткнення з задньою частиною тз,недодержання дистанції,2,без ушкоджень,легко травмований,null,null,null,null,null,null,null,null,null,null,null,null,null,null,null,null,null,null,49.84166,24.027062
2019-10-16,14:24:00,середа,місто,Львів,Сихівський,вулиця,Хуторівка, 4Б,null,наїзд на пішохода - пішохід рухався у попутному напрямку,порушення правил маневрування,2,без ушкоджень,легко травмований,null,null,null,null,null,null,null,null,null,null,null,null,null,null,null,null,null,null,49.799881,24.026871
2019-10-23,20:45:00,середа,місто,Львів,Залізничний,вулиця,Любінська,101,null,наїзд на велосипедиста - велосипедист рухався у попутному напрямку,порушення правил маневрування,2,легко травмований,без ушкоджень,null,null,null,null,null,null,null,null,null,null,null,null,null,null,null,null,null,null,49.821068,23.970097
2019-11-09,13:40:00,субота,місто,Львів,Личаківський,вулиця,Пасічна,57,null,наїзд на пішохода - пішохід рухався у попутному напрямку,порушення правил проїзду пішохідних переходів,2,без ушкоджень,тяжко травмований,null,null,null,null,null,null,null,null,null,null,null,null,null,null,null,null,null,null,49.828046,24.071549
2019-11-14,16:29:00,четвер,місто,Львів,Сихівський,вулиця,Рядова,5,null,наїзд на пішохода - пішохід рухався у попутному напрямку,порушення правил маневрування,2,без ушкоджень,легко травмований,null,null,null,null,null,null,null,null,null,null,null,null,null,null,null,null,null,null,49.804217,24.047302
2019-10-23,21:15:00,середа,місто,Львів,Сихівський,проспект,"Червоної Калини, просп.",36,null,зіткнення лобове,"перевищення безпечної швидкості, недодержання дистанції, керування транспортним засобом у нетверезому стані",5,легко травмований,без ушкоджень,без ушкоджень,легко травмований,легко травмований,null,null,null,null,null,null,null,null,null,null,null,null,null,null,null,49.799402,23.047587
2019-11-06,20:32:00,середа,місто,Львів,Галицький,проспект,"Чорновола В., просп.",7,null,падіння пасажира,порушення правил маневрування,2,без ушкоджень,легко травмований,null,null,null,null,null,null,null,null,null,null,null,null,null,null,null,null,null,null,49.846247,24.025399
2019-11-08,16:10:00,п'ятниця,місто,Львів,Сихівський,проспект,"Червоної Калини, просп.", 35А,null,зіткнення бокове,порушення правил маневрування,3,легко травмований,без ушкоджень,легко травмований,null,null,null,null,null,null,null,null,null,null,null,null,null,null,null,null,null,49.800298,24.047281
2019-11-22,14:20:00,п'ятниця,місто,Львів,Шевченківський,вулиця,Шевченка Т.,360,null,зіткнення лобове,"перевищення безпечної швидкості, недодержання дистанції",2,легко травмований,без ушкоджень,null,null,null,null,null,null,null,null,null,null,null,null,null,null,null,null,null,null,49.86883,23.953532
2019-10-30,15:30:00,середа,місто,Львів,Сихівський,вулиця,Кавалерідзе І.,null,null,наїзд на пішохода - пішохід рухався у попутному напрямку,порушення правил маневрування,2,без ушкоджень,легко травмований,null,null,null,null,null,null,null,null,null,null,null,null,null,null,null,null,null,null,49.792474,24.065992
2019-11-13,16:02:00,середа,місто,Львів,Шевченківський,вулиця,Панча П., 8А,null,зіткнення лобове,порушення правил маневрування,3,без ушкоджень,легко травмований,без ушкоджень,null,null,null,null,null,null,null,null,null,null,null,null,null,null,null,null,null,49.861496,24.016076
2019-10-31,7:01:00,четвер,місто,Львів,Галицький,вулиця,Городоцька,94,null,зіткнення лобове,"недодержання дистанції, перевищення безпечної швидкості",4,без ушкоджень,легко травмований,без ушкоджень,без ушкоджень,null,null,null,null,null,null,null,null,null,null,null,null,null,null,null,null,49.837681,24.005615
2019-11-23,15:19:00,субота,місто,Львів,Личаківський,вулиця,Хмельницького Б.,null,Перехрестя вул. Хмельницького Б. - вул. Творча,зіткнення бокове,"порушення правил маневрування, недодержання дистанції",2,легко травмований,без ушкоджень,null,null,null,null,null,null,null,null,null,null,null,null,null,null,null,null,null,null,49.868332,24.056045
2019-10-20,15:40:00,неділя,місто,Львів,Шевченківський,вулиця,Шевченка Т.,428,null,наїзд на пішохода - пішохід рухався у попутному напрямку,порушення правил маневрування,2,без ушкоджень,легко травмований,null,null,null,null,null,null,null,null,null,null,null,null,null,null,null,null,null,null,49.866864,24.050567
2019-11-21,11:25:00,четвер,місто,Львів,Галицький,вулиця,Коперника М.,42,null,наїзд на пішохода - пішохід рухався у попутному напрямку,перехід у невстановленому місці,2,без ушкоджень,легко травмований,null,null,null,null,null,null,null,null,null,null,null,null,null,null,null,null,null,null,49.834952,24.020872
2019-10-19,11:20:00,субота,місто,Львів,Шевченківський,вулиця,Миколайчука І.,2Б,null,перекидання тз,порушення правил маневрування,1,легко травмований,null,null,null,null,null,null,null,null,null,null,null,null,null,null,null,null,null,null,null,49.859138,24.043343
2019-11-21,6:10:00,четвер,місто,Львів,Сихівський,проспект,"Червоної Калини, просп.",79,null,наїзд на пішохода - пішохід рухався у попутному напрямку,порушення правил маневрування,2,без ушкоджень,помер у лікарні протягом 30 діб,null,null,null,null,null,null,null,null,null,null,null,null,null,null,null,null,null,null,49.795169,24.056277
2019-10-27,14:01:00,неділя,місто,Львів,Франківський,вулиця,Княгині Ольги,null,null,наїзд на пішохода - пішохід рухався у попутному напрямку,порушення правил маневрування,2,без ушкоджень,легко травмований,null,null,null,null,null,null,null,null,null,null,null,null,null,null,null,null,null,null,49.823564,24.007566
2019-11-10,16:15:00,неділя,місто,Львів,Сихівський,вулиця,Зелена,null,Перехрестя вул. Зелена - вул. Навроцького В.,зіткнення бокове,невиконання вимог сигналів регулювання,3,без ушкоджень,без ушкоджень,легко травмований,null,null,null,null,null,null,null,null,null,null,null,null,null,null,null,null,null,49.809133,24.061174
2019-11-24,15:40:00,неділя,місто,Львів,Сихівський,вулиця,Скорини Ф.,40,null,зіткнення бокове,порушення правил маневрування,4,без ушкоджень,без ушкоджень,без ушкоджень,легко травмований,null,null,null,null,null,null,null,null,null,null,null,null,null,null,null,null,49.798662,24.024749
2019-11-02,22:26:00,субота,місто,Львів,Франківський,вулиця,Стрийська,null,Перехрестя вул. Стрийська - вул. Володимира Великого,наїзд на пішохода - пішохід рухався у попутному напрямку,перехід у невстановленому місці,2,без ушкоджень,легко травмований,null,null,null,null,null,null,null,null,null,null,null,null,null,null,null,null,null,null,49.808205,24.019074
2019-11-21,18:53:00,четвер,місто,Львів,Франківський,вулиця,Стрийська,null,Перехрестя вул. Стрийська - вул. Наукова,падіння пасажира,порушення правил маневрування,2,без ушкоджень,легко травмований,null,null,null,null,null,null,null,null,null,null,null,null,null,null,null,null,null,null,49.801807,24.017916
2019-11-03,22:10:00,неділя,місто,Львів,Сихівський,вулиця,Сихівська,7,null,наїзд на пішохода - пішохід рухався у попутному напрямку,порушення правил маневрування,2,легко травмований,легко травмований,null,null,null,null,null,null,null,null,null,null,null,null,null,null,null,null,null,null,49.794021,24.063343
2019-11-03,19:38:00,неділя,місто,Львів,Личаківський,вулиця,Богданівська,157,null,наїзд на пішохода - пішохід рухався у попутному напрямку,перехід у невстановленому місці,2,без ушкоджень,тяжко травмований,null,null,null,null,null,null,null,null,null,null,null,null,null,null,null,null,null,null,49.849447,24.082729
2019-11-25,9:50:00,понеділок,місто,Львів,Франківський,вулиця,Наукова, 49А,null,зіткнення бокове,"перевищення безпечної швидкості, недодержання дистанції",3,легко травмований,без ушкоджень,без ушкоджень,null,null,null,null,null,null,null,null,null,null,null,null,null,null,null,null,null,49.804729,23.98942
2019-11-04,9:01:00,понеділок,місто,Львів,Сихівський,вулиця,Стрийська,35,null,зіткнення бокове,"керування транспортним засобом у нетверезому стані, перевищення безпечної швидкості, недодержання дистанції",3,без ушкоджень,легко травмований,без ушкоджень,null,null,null,null,null,null,null,null,null,null,null,null,null,null,null,null,null,49.816015,24.019922
2019-11-16,18:55:00,субота,місто,Львів,Личаківський,вулиця,Пасічна,144,null,наїзд на пішохода - пішохід рухався у попутному напрямку,перевищення безпечної швидкості,2,без ушкоджень,помер на місці дтп,null,null,null,null,null,null,null,null,null,null,null,null,null,null,null,null,null,null,49.812058,24.079059
2019-10-20,11:01:00,неділя,місто,Львів,Сихівський,вулиця,Сихівська,10,null,наїзд на пішохода - пішохід рухався у попутному напрямку,порушення правил маневрування,2,без ушкоджень,легко травмований,null,null,null,null,null,null,null,null,null,null,null,null,null,null,null,null,null,null,49.796523,24.065015
2019-11-20,18:20:00,середа,місто,Львів,Личаківський,вулиця,Садова,null,Перехрестя вул. Садова - вул. Кульпарківська,наїзд на велосипедиста - велосипедист рухався у попутному напрямку,порушення правил проїзду перехресть,2,без ушкоджень,легко травмований,null,null,null,null,null,null,null,null,null,null,null,null,null,null,null,null,null,null,49.82147,23.988455
2019-10-22,7:10:00,вівторок,місто,Львів,Личаківський,вулиця,Личаківська,99,null,зіткнення лобове,порушення правил маневрування,4,без ушкоджень,без ушкоджень,легко травмований,легко травмований,null,null,null,null,null,null,null,null,null,null,null,null,null,null,null,null,49.839079,24.05279
2019-11-14,19:21:00,четвер,місто,Львів,Франківський,вулиця,Володимира Великого,16,null,зіткнення лобове,недодержання дистанції,4,легко травмований,без ушкоджень,легко травмований,легко травмований,null,null,null,null,null,null,null,null,null,null,null,null,null,null,null,null,49.810075,24.004376
2019-11-14,20:03:00,четвер,місто,Львів,Шевченківський,вулиця,Липинського В.,3,null,наїзд на пішохода - пішохід рухався у попутному напрямку,порушення правил проїзду пішохідних переходів,2,без ушкоджень,легко травмований,null,null,null,null,null,null,null,null,null,null,null,null,null,null,null,null,null,null,49.855469,24.017041
2019-10-23,9:01:00,середа,місто,Львів,Сихівський,вулиця,Хуторівка,4Б,null,наїзд на пішохода - пішохід рухався у попутному напрямку,порушення правил маневрування,2,без ушкоджень,легко травмований,null,null,null,null,null,null,null,null,null,null,null,null,null,null,null,null,null,null,49.799823,24.026515
2019-10-30,8:50:00,середа,місто,Львів,Галицький,вулиця,Князя Романа,36,null,наїзд на пішохода - пішохід рухався у попутному напрямку,перехід у невстановленому місці,2,без ушкоджень,легко травмований,null,null,null,null,null,null,null,null,null,null,null,null,null,null,null,null,null,null,49.836761,24.033612
2019-11-17,0:40:00,неділя,місто,Львів,Франківський,вулиця,Наукова,7,null,наїзд на пішохода - пішохід рухався у попутному напрямку,перехід у невстановленому місці,2,без ушкоджень,помер у лікарні протягом 30 діб,null,null,null,null,null,null,null,null,null,null,null,null,null,null,null,null,null,null,49.803029,24.005712
2019-10-24,8:29:00,четвер,місто,Львів,Галицький,вулиця,Волоська,1,null,наїзд на пішохода - пішохід рухався у попутному напрямку,порушення правил маневрування,2,без ушкоджень,легко травмований,null,null,null,null,null,null,null,null,null,null,null,null,null,null,null,null,null,null,49.828533,24.033832